{
    "name": "Global Information",
    "numberOfRequests": {
        "total": 1274502,
        "ok": 1130479,
        "ko": 144023
    },
    "minResponseTime": {
        "total": 10,
        "ok": 10,
        "ko": 10
    },
    "maxResponseTime": {
        "total": 600014,
        "ok": 29993,
        "ko": 600014
    },
    "meanResponseTime": {
        "total": 3378,
        "ok": 2578,
        "ko": 9660
    },
    "standardDeviation": {
        "total": 9077,
        "ok": 3933,
        "ko": 23733
    },
    "percentiles1": {
        "total": 1165,
        "ok": 974,
        "ko": 7866
    },
    "percentiles2": {
        "total": 4409,
        "ok": 3299,
        "ko": 13868
    },
    "percentiles3": {
        "total": 13926,
        "ok": 11207,
        "ko": 22414
    },
    "percentiles4": {
        "total": 21680,
        "ok": 17664,
        "ko": 30013
    },
    "group1": {
        "name": "t < 800 ms",
        "count": 540518,
        "percentage": 42
    },
    "group2": {
        "name": "800 ms < t < 1200 ms",
        "count": 73885,
        "percentage": 6
    },
    "group3": {
        "name": "t > 1200 ms",
        "count": 516076,
        "percentage": 40
    },
    "group4": {
        "name": "failed",
        "count": 144023,
        "percentage": 11
    },
    "meanNumberOfRequestsPerSecond": {
        "total": 85.07456111074028,
        "ok": 75.46085041052,
        "ko": 9.61371070022028
    }
}